model,accuracy,f1_weighted
Random Forest,0.8932038834951457,0.8918727468455866
Gradient Boosting,0.8953556881932525,0.8946240715172465
Red Neuronal Dense,0.8955606219740246,0.8950488195222146
