model_advanced,ensemble,cv_mae_mean,cv_mae_std,residual_mean,residual_std
"{'mae': 2.712838170631937, 'rmse': np.float64(4.80967831490911), 'r2': 0.755696310883053}","{'mae': 2.6786486579712294, 'rmse': np.float64(4.748434409701627), 'r2': 0.7618783676386673}",3.41552,0.8300866743900905,0.1296958013057788,4.746662863777255
