{
  "LSTM_Attention_Multi": {
    "loss": [
      0.013631138019263744,
      0.006104378495365381,
      0.005390512757003307,
      0.005103134084492922,
      0.004926899913698435,
      0.004841544199734926,
      0.004742317833006382,
      0.0046777985990047455,
      0.004495305474847555,
      0.004459801129996777,
      0.004435953218489885,
      0.004403221420943737,
      0.004382069688290358,
      0.00427258713170886,
      0.004254050552845001,
      0.004243321716785431,
      0.004231707192957401,
      0.004172275774180889,
      0.004158142488449812,
      0.00414796220138669,
      0.004134120419621468,
      0.004110855516046286,
      0.004091133829206228,
      0.004094861447811127,
      0.004077880643308163,
      0.004073626361787319,
      0.0040639727376401424,
      0.004061379935592413
    ],
    "mae": [
      0.08377145975828171,
      0.05421958863735199,
      0.0499769002199173,
      0.04828425869345665,
      0.047219861298799515,
      0.04667918011546135,
      0.04608413949608803,
      0.04572366178035736,
      0.044507574290037155,
      0.04432176798582077,
      0.04417833313345909,
      0.04397875443100929,
      0.04388327896595001,
      0.0431995652616024,
      0.04312954470515251,
      0.04307837039232254,
      0.04300088435411453,
      0.04267391189932823,
      0.04258047789335251,
      0.04252913221716881,
      0.04248553514480591,
      0.042344942688941956,
      0.04224773496389389,
      0.04228584095835686,
      0.04217466339468956,
      0.04213176295161247,
      0.042103949934244156,
      0.04210217297077179
    ],
    "val_loss": [
      0.004588209558278322,
      0.0038124059792608023,
      0.003603267017751932,
      0.0034534793812781572,
      0.003445109585300088,
      0.003417243016883731,
      0.003360671689733863,
      0.003430842887610197,
      0.0032936683855950832,
      0.0032948616426438093,
      0.003285537473857403,
      0.0032522513065487146,
      0.003255983581766486,
      0.0032216706313192844,
      0.003212514566257596,
      0.0032120533287525177,
      0.003211257280781865,
      0.0032035440672188997,
      0.0032097743824124336,
      0.00319919572211802,
      0.0032188049517571926,
      0.0032167069148272276,
      0.003203851403668523,
      0.003208010923117399,
      0.00321699446067214,
      0.003199256956577301,
      0.0032058379147201777,
      0.0032035240437835455
    ],
    "val_mae": [
      0.0469810888171196,
      0.041240714490413666,
      0.03978888317942619,
      0.037745144218206406,
      0.03811533749103546,
      0.03724554553627968,
      0.03702707588672638,
      0.03743390738964081,
      0.036376964300870895,
      0.03647119924426079,
      0.036267850548028946,
      0.03593163564801216,
      0.03586344048380852,
      0.03600151836872101,
      0.03586867079138756,
      0.035805393010377884,
      0.03591619059443474,
      0.035833027213811874,
      0.035963498055934906,
      0.035924602299928665,
      0.03609135374426842,
      0.036161940544843674,
      0.03610357269644737,
      0.036139991134405136,
      0.036193862557411194,
      0.035986289381980896,
      0.036070819944143295,
      0.03604716807603836
    ],
    "learning_rate": [
      0.0010000000474974513,
      0.0010000000474974513,
      0.0010000000474974513,
      0.0010000000474974513,
      0.0010000000474974513,
      0.0010000000474974513,
      0.0010000000474974513,
      0.0010000000474974513,
      0.0005000000237487257,
      0.0005000000237487257,
      0.0005000000237487257,
      0.0005000000237487257,
      0.0005000000237487257,
      0.0002500000118743628,
      0.0002500000118743628,
      0.0002500000118743628,
      0.0002500000118743628,
      0.0001250000059371814,
      0.0001250000059371814,
      0.0001250000059371814,
      0.0001250000059371814,
      6.25000029685907e-05,
      6.25000029685907e-05,
      6.25000029685907e-05,
      6.25000029685907e-05,
      3.125000148429535e-05,
      3.125000148429535e-05,
      3.125000148429535e-05
    ]
  },
  "CNN_LSTM_Attention_Multi": {
    "loss": [
      0.014330422505736351,
      0.007288394495844841,
      0.0063925934955477715,
      0.00599000696092844,
      0.005702432710677385,
      0.005546154920011759,
      0.005401454865932465,
      0.005293115507811308,
      0.005223341751843691,
      0.005150016862899065,
      0.005070209037512541,
      0.005030227359384298,
      0.004974730312824249,
      0.0047807153314352036,
      0.004745914600789547,
      0.004724439233541489,
      0.004700818099081516,
      0.004679760430008173,
      0.004556868690997362,
      0.004545407369732857,
      0.004525624215602875,
      0.004514866974204779,
      0.0044522397220134735,
      0.004440642427653074,
      0.004430782049894333,
      0.004418962635099888,
      0.004413407761603594,
      0.00441013602539897,
      0.0043670618906617165,
      0.004378646146506071,
      0.004369697067886591,
      0.004362742882221937,
      0.004353714175522327,
      0.004348571412265301,
      0.004345077555626631,
      0.004338810686022043,
      0.004338270518928766,
      0.004326838068664074,
      0.0043467022478580475,
      0.004322510212659836,
      0.004333179909735918,
      0.004327561240643263,
      0.004318127408623695,
      0.004320782143622637,
      0.004313667304813862,
      0.004311932250857353,
      0.004316701553761959,
      0.004325013142079115,
      0.0043142251670360565,
      0.004309345968067646,
      0.004325825721025467,
      0.004319505300372839
    ],
    "mae": [
      0.08667096495628357,
      0.06050153076648712,
      0.055991556495428085,
      0.05387930944561958,
      0.05236462503671646,
      0.05139463394880295,
      0.050616033375263214,
      0.04999414086341858,
      0.04961121827363968,
      0.04911182448267937,
      0.048707906156778336,
      0.04847424104809761,
      0.04814642667770386,
      0.046921368688344955,
      0.04672470688819885,
      0.04657309502363205,
      0.04649404063820839,
      0.046335622668266296,
      0.04551482945680618,
      0.04549577087163925,
      0.04541938751935959,
      0.04530978575348854,
      0.04496973752975464,
      0.04489022493362427,
      0.04483255743980408,
      0.044788114726543427,
      0.04476082697510719,
      0.044724490493535995,
      0.044488295912742615,
      0.044534649699926376,
      0.04451517388224602,
      0.04446125403046608,
      0.04434645175933838,
      0.04437799006700516,
      0.04434031620621681,
      0.04432274401187897,
      0.044321026653051376,
      0.04424625262618065,
      0.04440313205122948,
      0.044249292463064194,
      0.04426051676273346,
      0.0442567840218544,
      0.04418482631444931,
      0.04423415660858154,
      0.044185787439346313,
      0.04418564587831497,
      0.044203054159879684,
      0.04424592852592468,
      0.04419942572712898,
      0.044177256524562836,
      0.04425928741693497,
      0.04421263560652733
    ],